<?xml version="1.0" encoding="UTF-8" ?>
<!DOCTYPE xml>
<RootNetwork xmlns="http://www.riccardopersiani.com/Schema"
		 xmlns:xsi="http://www.w3.org/2001/XMLSchema-instance"
		 xsi:schemaLocation="http://www.riccardopersiani.com/Schema nffgInfo.xsd"
		 >
	
	<NFFG name="NFFG1">
		<Nodes>
			<Node id="Node1">
				<Service>NAT</Service>
			</Node>
			<Node id="Node2">
				<Service>Mail client</Service>
			</Node>
			<Node id="Node3">
				<Service>DPI</Service>
			</Node>
			<Node id="Node4">
				<Service>Mail server</Service>
			</Node>
		</Nodes>
		<Links>
			<Link id="Link1">
				<Source>Node1</Source>
				<Destination>Node2</Destination>			
			</Link>
			<Link id="Link2">
				<Source>Node2</Source>
				<Destination>Node3</Destination>			
			</Link>
			<Link id="Link3">
				<Source>Node3</Source>
				<Destination>Node4</Destination>			
			</Link>
			<Link id="Link4">
				<Source>Node4</Source>
				<Destination>Node3</Destination>			
			</Link>
		</Links>	
		<Policies>
			<ReachabilityPolicy id="ReachabilityPolicy1">
				<Source>Node2</Source>
				<Destination>Node4</Destination>
				<isPositive>true</isPositive>
				<Verification>
					<Time>2016-10-24T13:00:00</Time>
					<Message>Ok</Message>
					<Result>true</Result>
				</Verification> 
			</ReachabilityPolicy>
			<ReachabilityPolicy id="ReachabilityPolicy2">
				<Source>Node2</Source>
				<Destination>Node4</Destination>
				<isPositive>true</isPositive>
			</ReachabilityPolicy>
		
			<TraversalPolicy id="TraversalPolicy1">
				<Source>Node2</Source>
				<Destination>Node3</Destination>
				<isPositive>false</isPositive>			
				<Verification>
					<Time>2016-10-24T13:00:00</Time>
					<Message>Ok</Message>
					<Result>false</Result>
				</Verification> 
				<Devices>
					<Device>Mail client</Device>
				</Devices>
			</TraversalPolicy>
		</Policies>
	</NFFG>
	
	<NFFG name="NFFG2">
		<Nodes>
			<Node id="Node1">
				<Service>NAT</Service>
			</Node>
			<Node id="Node2">
				<Service>Mail client</Service>
			</Node>
			<Node id="Node3">
				<Service>DPI</Service>
			</Node>
			<Node id="Node4">
				<Service>Mail server</Service>
			</Node>
		</Nodes>
		<Links>
			<Link id="Link1">
				<Source>Node1</Source>
				<Destination>Node2</Destination>			
			</Link>
			<Link id="Link2">
				<Source>Node2</Source>
				<Destination>Node3</Destination>			
			</Link>
			<Link id="Link3">
				<Source>Node3</Source>
				<Destination>Node4</Destination>			
			</Link>
			<Link id="Link4">
				<Source>Node4</Source>
				<Destination>Node3</Destination>			
			</Link>
		</Links>	
		<Policies>
			<ReachabilityPolicy id="ReachabilityPolicy3">
				<Source>Node2</Source>
				<Destination>Node4</Destination>
				<isPositive>true</isPositive>
				<Verification>
					<Time>2016-10-24T13:00:00</Time>
					<Message>Ok</Message>
					<Result>true</Result>
				</Verification> 
			</ReachabilityPolicy>
			<ReachabilityPolicy id="ReachabilityPolicy4">
				<Source>Node2</Source>
				<Destination>Node4</Destination>
				<isPositive>true</isPositive>
			</ReachabilityPolicy>
		
			<TraversalPolicy id="TraversalPolicy2">
				<Source>Node2</Source>
				<Destination>Node3</Destination>
				<isPositive>false</isPositive>			
				<Verification>
					<Time>2016-10-24T13:00:00</Time>
					<Message>Ok</Message>
					<Result>false</Result>
				</Verification> 
				<Devices>
					<Device>Mail client</Device>
				</Devices>
			</TraversalPolicy>
		</Policies>
	</NFFG>

</RootNetwork>